BEGIN TRANSACTION;
CREATE TABLE IF NOT EXISTS "Admin" (
	"id"	INTEGER,
	"username"	TEXT NOT NULL,
	"password"	TEXT NOT NULL,
	PRIMARY KEY("id" AUTOINCREMENT)
);
CREATE TABLE IF NOT EXISTS "Issues" (
	"id"	INTEGER,
	"name"	TEXT UNIQUE,
	PRIMARY KEY("id")
);
CREATE TABLE IF NOT EXISTS "Symptoms" (
	"id"	INTEGER,
	"name"	TEXT UNIQUE,
	PRIMARY KEY("id")
);
CREATE TABLE IF NOT EXISTS "IssueSymptomMapping" (
	"issue_id"	INTEGER,
	"symptom_id"	INTEGER,
	PRIMARY KEY("issue_id","symptom_id"),
	FOREIGN KEY("issue_id") REFERENCES "Issues"("id") ON DELETE CASCADE,
	FOREIGN KEY("symptom_id") REFERENCES "Symptoms"("id") ON DELETE CASCADE
);
INSERT INTO "Admin" ("id","username","password") VALUES (1,'admin','$2a$10$Ob38PRH6M/BWpWmXeqP4A.DmZjvh.ZYJbtYQD6FhrSdxgq5zC8CdC');
INSERT INTO "Issues" ("id","name") VALUES (1,'faulty_graphics_card'),
 (2,'faulty_audio_card'),
 (3,'faulty_monitor'),
 (4,'loose_display_cable'),
 (5,'faulty_speakers'),
 (6,'mute_setting_enabled'),
 (7,'overheating'),
 (8,'insufficient_memory'),
 (9,'faulty_hard_drive'),
 (10,'too_many_background_processes'),
 (11,'disk_fragmentation'),
 (12,'faulty_memory'),
 (13,'corrupted_system_files'),
 (14,'driver_conflict'),
 (15,'faulty_network_adapter'),
 (16,'misconfigured_network_settings'),
 (17,'interference'),
 (18,'loose_keyboard_cable'),
 (19,'driver_issues'),
 (20,'faulty_keyboard'),
 (21,'faulty_fan'),
 (22,'dusty_components'),
 (23,'faulty_USB_port'),
 (24,'faulty_power_supply'),
 (25,'faulty_motherboard'),
 (26,'corrupted_boot_loader'),
 (27,'missing_boot_files'),
 (28,'printer_paper_jam'),
 (29,'printer_offline'),
 (30,'malware_infection'),
 (31,'blocked_airflow'),
 (32,'improper_drive_installation'),
 (33,'printer_driver_issues'),
 (34,'failing_hard_drive');
INSERT INTO "Symptoms" ("id","name") VALUES (1,'blank_screen'),
 (2,'artifacting_on_screen'),
 (3,'flickering_display'),
 (4,'no_sound'),
 (5,'computer_freezing'),
 (6,'random_shutdowns'),
 (7,'loud_fan_noise'),
 (8,'spontaneous_rebooting'),
 (9,'slow_performance'),
 (10,'high_CPU_usage'),
 (11,'blue_screen_of_death'),
 (12,'USB_device_not_recognized'),
 (13,'network_connection_issues'),
 (14,'unresponsive_keyboard'),
 (15,'loud_hard_drive_noise'),
 (16,'computer_won''t_power_on'),
 (17,'computer_not_booting_to_OS'),
 (18,'printer_not_printing');
INSERT INTO "IssueSymptomMapping" ("issue_id","symptom_id") VALUES (1,1),
 (1,2),
 (1,3),
 (2,4),
 (3,1),
 (4,1),
 (4,3),
 (5,4),
 (6,4),
 (7,5),
 (7,6),
 (7,7),
 (7,2),
 (7,8),
 (7,9),
 (8,5),
 (8,9),
 (8,10),
 (9,5),
 (9,6),
 (9,18),
 (10,9),
 (10,10),
 (11,9),
 (12,10),
 (12,5),
 (12,11),
 (13,5),
 (13,6),
 (13,18),
 (14,11),
 (15,12),
 (16,12),
 (17,12),
 (18,13),
 (19,14),
 (20,14),
 (21,6),
 (21,2),
 (21,12),
 (21,3),
 (21,8),
 (22,15),
 (23,16);
COMMIT;
